[
  {
    "numero": "INC0256789",
    "status": "Em andamento",
    "data_criacao": "Thu Aug 29 2024 13:20:00 GMT-0300",
    "data_edicao": "Thu Aug 29 2024 13:50:00 GMT-0300",
    "usuario": "carla.oliveira",
    "consultor": "marcio.santos",
    "titulo": "Problemas com a Impressora de Rede",
    "complexidade": {
      "id": 1,
      "label": "Nível 1"
    },
    "tipo": {
      "id": "printer",
      "label": "Impressora-Rede"
    },
    "prioridade": "Média",
    "notificacoes": {
      "agentes": 1,
      "mensagens": 0
    },
    "tags": [
      "impressora",
      "rede",
      "problema"
    ],
    "arquivos": [],
    "responsaveis": [
      {
        "id": 4,
        "nome": "Analista de Impressoras",
        "imagem": "https://api.dicebear.com/9.x/avataaars/svg?seed=Analyst&randomizeIds=true&accessories=prescription01&clothingGraphic=bear&eyes=default&mouth=smile"
      }
    ],
    "mensagens": [
      {
        "id": 1,
        "usuario": {
          "id": 19,
          "nome": "carla.oliveira",
          "imagem": "https://api.dicebear.com/9.x/avataaars/svg?seed=Carla&randomizeIds=true&accessories=prescription01&clothingGraphic=bear&eyes=default&mouth=smile",
          "perfil": "usuário"
        },
        "data": "Thu Aug 29 2024 13:25:00 GMT-0300",
        "mensagem": "A impressora de rede está apresentando erros de impressão e está offline desde o início do dia. Já tentamos reiniciar a impressora e a rede, mas o problema persiste."
      },
      {
        "id": 2,
        "usuario": {
          "id": 20,
          "nome": "marcio.santos",
          "imagem": "https://api.dicebear.com/9.x/avataaars/svg?seed=Marcio&randomizeIds=true&accessories=prescription01&clothingGraphic=bear&eyes=default&mouth=smile",
          "perfil": "consultorN1"
        },
        "data": "Thu Aug 29 2024 13:40:00 GMT-0300",
        "mensagem": "Olá Carla, estamos analisando o problema com a impressora de rede. O número do seu chamado é #INC0256789."
      }
    ],
    "assistentes": [
      {
        "id": 1,
        "assistente": {
          "id": 11,
          "nome": "Astro",
          "imagem": "https://api.dicebear.com/9.x/bottts/svg?seed=Charlie"
        },
        "data": "Thu Aug 29 2024 13:30:00 GMT-0300",
        "mensagem": "Adicione as seguintes TAGS ao chamado: impressora, rede, problema."
      },
      {
        "id": 2,
        "assistente": {
          "id": 12,
          "nome": "C-3PO",
          "imagem": "https://api.dicebear.com/9.x/bottts/svg?seed=Patches"
        },
        "data": "Thu Aug 29 2024 13:35:00 GMT-0300",
        "mensagem": "Defini a prioridade do chamado como Média com base nas informações fornecidas."
      },
      {
        "id": 3,
        "assistente": {
          "id": 13,
          "nome": "R2-D2",
          "imagem": "https://api.dicebear.com/9.x/bottts-neutral/svg?seed=Spooky&flip=true&backgroundColor=3949ab,d1d4f9&backgroundType=solid,gradientLinear&backgroundRotation=360,-360,-330,-320&eyes=sensor&mouth=diagram"
        },
        "data": "Thu Aug 29 2024 13:45:00 GMT-0300",
        "mensagem": "O responsável pelo chamado foi definido como Analista de Impressoras."
      },
      {
        "id": 4,
        "assistente": {
          "id": 14,
          "nome": "Baymax",
          "imagem": "https://api.dicebear.com/9.x/bottts/svg?seed=Sammy"
        },
        "data": "Thu Aug 29 2024 13:50:00 GMT-0300",
        "mensagem": "O tipo do chamado foi definido como Impressora-Rede."
      },
      {
        "id": 5,
        "assistente": {
          "id": 15,
          "nome": "WALL-E",
          "imagem": "https://api.dicebear.com/9.x/bottts-neutral/svg?seed=Harley"
        },
        "data": "Thu Aug 29 2024 13:55:00 GMT-0300",
        "mensagem": "A complexidade do chamado foi definida como Nível 1, considerando que é um problema de impressora de rede que pode ser resolvido com procedimentos básicos."
      },
      {
        "id": 6,
        "assistente": {
          "id": 16,
          "nome": "EVA",
          "imagem": "https://api.dicebear.com/9.x/bottts-neutral/svg?seed=Boots&eyes=eva&mouth=smile01"
        },
        "data": "Thu Aug 29 2024 14:00:00 GMT-0300",
        "mensagem": "Para resolver o problema de impressão, verifique as conexões de rede da impressora e tente reiniciar o serviço de impressão. Caso o problema persista, realize uma análise mais detalhada dos logs de erro da impressora."
      }
    ]
  },
  
  {
    "numero": "INC0278910",
    "status": "Em andamento",
    "data_criacao": "Mon Aug 02 2024 09:15:00 GMT-0300",
    "data_edicao": "Mon Aug 02 2024 09:45:00 GMT-0300",
    "usuario": "luana.silva",
    "consultor": "jorge.martins",
    "titulo": "Erro na Atualização do Sistema de Gestão",
    "complexidade": {
      "id": 2,
      "label": "Nível 2"
    },
    "tipo": {
      "id": "system",
      "label": "Sistema-Gestão"
    },
    "prioridade": "Alta",
    "notificacoes": {
      "agentes": 3,
      "mensagens": 0
    },
    "tags": [
      "sistema",
      "atualização",
      "erro"
    ],
    "arquivos": [
      {
        "id": 1,
        "arquivo": "sistema_erro.log",
        "tipo": "log",
        "titulo": "sistema_erro",
        "privado": true
      }
    ],
    "responsaveis": [
      {
        "id": 6,
        "nome": "Analista de Sistemas",
        "imagem": "https://api.dicebear.com/9.x/avataaars/svg?seed=Analyst&randomizeIds=true&accessories=prescription01&clothingGraphic=bear&eyes=default&mouth=smile"
      }
    ],
    "mensagens": [
      {
        "id": 1,
        "usuario": {
          "id": 23,
          "nome": "luana.silva",
          "imagem": "https://api.dicebear.com/9.x/avataaars/svg?seed=Luana&randomizeIds=true&accessories=prescription01&clothingGraphic=bear&eyes=default&mouth=smile",
          "perfil": "usuário"
        },
        "data": "Mon Aug 02 2024 09:20:00 GMT-0300",
        "mensagem": "Estamos enfrentando um erro na atualização do sistema de gestão. O log mostra que há uma falha de conexão com o servidor. Precisamos de uma solução urgente."
      },
      {
        "id": 2,
        "usuario": {
          "id": 24,
          "nome": "jorge.martins",
          "imagem": "https://api.dicebear.com/9.x/avataaars/svg?seed=Jorge&randomizeIds=true&accessories=prescription01&clothingGraphic=bear&eyes=default&mouth=smile",
          "perfil": "consultorN2"
        },
        "data": "Mon Aug 02 2024 09:35:00 GMT-0300",
        "mensagem": "Bom dia Luana! Recebemos seu chamado e estamos verificando o problema de atualização. O número do seu chamado é #INC0278910."
      }
    ],
    "assistentes": [
      {
        "id": 1,
        "assistente": {
          "id": 11,
          "nome": "Astro",
          "imagem": "https://api.dicebear.com/9.x/bottts/svg?seed=Charlie"
        },
        "data": "Mon Aug 02 2024 09:25:00 GMT-0300",
        "mensagem": "Adicione as seguintes TAGS ao chamado: sistema, atualização, erro."
      },
      {
        "id": 2,
        "assistente": {
          "id": 12,
          "nome": "C-3PO",
          "imagem": "https://api.dicebear.com/9.x/bottts/svg?seed=Patches"
        },
        "data": "Mon Aug 02 2024 09:30:00 GMT-0300",
        "mensagem": "Defini a prioridade do chamado como Alta, devido ao impacto crítico na atualização do sistema de gestão."
      },
      {
        "id": 3,
        "assistente": {
          "id": 13,
          "nome": "R2-D2",
          "imagem": "https://api.dicebear.com/9.x/bottts-neutral/svg?seed=Spooky&flip=true&backgroundColor=3949ab,d1d4f9&backgroundType=solid,gradientLinear&backgroundRotation=360,-360,-330,-320&eyes=sensor&mouth=diagram"
        },
        "data": "Mon Aug 02 2024 09:40:00 GMT-0300",
        "mensagem": "O responsável pelo chamado foi definido como Analista de Sistemas."
      },
      {
        "id": 4,
        "assistente": {
          "id": 14,
          "nome": "Baymax",
          "imagem": "https://api.dicebear.com/9.x/bottts/svg?seed=Sammy"
        },
        "data": "Mon Aug 02 2024 09:45:00 GMT-0300",
        "mensagem": "O tipo do chamado foi definido como Sistema-Gestão."
      },
      {
        "id": 5,
        "assistente": {
          "id": 15,
          "nome": "WALL-E",
          "imagem": "https://api.dicebear.com/9.x/bottts-neutral/svg?seed=Harley"
        },
        "data": "Mon Aug 02 2024 09:50:00 GMT-0300",
        "mensagem": "A complexidade do chamado foi definida como Nível 2, considerando que o erro de atualização pode exigir análise mais detalhada."
      },
      {
        "id": 6,
        "assistente": {
          "id": 16,
          "nome": "EVA",
          "imagem": "https://api.dicebear.com/9.x/bottts-neutral/svg?seed=Boots&eyes=eva&mouth=smile01"
        },
        "data": "Mon Aug 02 2024 09:55:00 GMT-0300",
        "mensagem": "Para resolver o erro na atualização, verifique a conectividade com o servidor e os logs de atualização para identificar a causa do problema. Pode ser necessário revisar as configurações do sistema ou realizar uma nova tentativa de atualização."
      }
    ]
  },
  {
    "numero": "INC0289012",
    "status": "Em andamento",
    "data_criacao": "Tue Aug 03 2024 15:00:00 GMT-0300",
    "data_edicao": "Tue Aug 03 2024 15:30:00 GMT-0300",
    "usuario": "andre.gomes",
    "consultor": "sandra.pereira",
    "titulo": "Falha no Serviço de Backup",
    "complexidade": {
      "id": 1,
      "label": "Nível 1"
    },
    "tipo": {
      "id": "backup",
      "label": "Serviço-Backup"
    },
    "prioridade": "Crítica",
    "notificacoes": {
      "agentes": 1,
      "mensagens": 1
    },
    "tags": [
      "backup",
      "falha",
      "serviço"
    ],
    "arquivos": [
      {
        "id": 1,
        "arquivo": "sistema_erro.log",
        "tipo": "log",
        "titulo": "sistema_erro"
      },
      {
        "id": 2,
        "arquivo": "backup_falha.log",
        "tipo": "log",
        "titulo": "backup_falha"
      }
    ],
    "responsaveis": [
      {
        "id": 7,
        "nome": "Analista de Backup",
        "imagem": "https://api.dicebear.com/9.x/avataaars/svg?seed=Backup&randomizeIds=true&accessories=prescription01&clothingGraphic=bear&eyes=default&mouth=smile"
      }
    ],
    "mensagens": [
      {
        "id": 1,
        "usuario": {
          "id": 25,
          "nome": "andre.gomes",
          "imagem": "https://api.dicebear.com/9.x/avataaars/svg?seed=Andre&randomizeIds=true&accessories=prescription01&clothingGraphic=bear&eyes=default&mouth=smile",
          "perfil": "usuário"
        },
        "data": "Tue Aug 03 2024 15:10:00 GMT-0300",
        "mensagem": "O serviço de backup falhou durante a execução do último processo. O log de falha indica um erro crítico que precisa de atenção imediata."
      },
      {
        "id": 2,
        "usuario": {
          "id": 26,
          "nome": "sandra.pereira",
          "imagem": "https://api.dicebear.com/9.x/avataaars/svg?seed=Sandra&randomizeIds=true&accessories=prescription01&clothingGraphic=bear&eyes=default&mouth=smile",
          "perfil": "consultorN3"
        },
        "data": "Tue Aug 03 2024 15:25:00 GMT-0300",
        "mensagem": "Olá Andre! Recebemos seu chamado e estamos analisando a falha no serviço de backup. O número do seu chamado é #INC0289012."
      }
    ],
    "assistentes": [
      {
        "id": 1,
        "assistente": {
          "id": 11,
          "nome": "Astro",
          "imagem": "https://api.dicebear.com/9.x/bottts/svg?seed=Charlie"
        },
        "data": "Tue Aug 03 2024 15:05:00 GMT-0300",
        "mensagem": "Adicione as seguintes TAGS ao chamado: backup, falha, serviço."
      },
      {
        "id": 2,
        "assistente": {
          "id": 12,
          "nome": "C-3PO",
          "imagem": "https://api.dicebear.com/9.x/bottts/svg?seed=Patches"
        },
        "data": "Tue Aug 03 2024 15:15:00 GMT-0300",
        "mensagem": "Defini a prioridade do chamado como Crítica, devido à falha crítica no serviço de backup."
      },
      {
        "id": 3,
        "assistente": {
          "id": 13,
          "nome": "R2-D2",
          "imagem": "https://api.dicebear.com/9.x/bottts-neutral/svg?seed=Spooky&flip=true&backgroundColor=3949ab,d1d4f9&backgroundType=solid,gradientLinear&backgroundRotation=360,-360,-330,-320&eyes=sensor&mouth=diagram"
        },
        "data": "Tue Aug 03 2024 15:20:00 GMT-0300",
        "mensagem": "O responsável pelo chamado foi definido como Analista de Backup."
      },
      {
        "id": 4,
        "assistente": {
          "id": 14,
          "nome": "Baymax",
          "imagem": "https://api.dicebear.com/9.x/bottts/svg?seed=Sammy"
        },
        "data": "Tue Aug 03 2024 15:30:00 GMT-0300",
        "mensagem": "O tipo do chamado foi definido como Serviço-Backup."
      },
      {
        "id": 5,
        "assistente": {
          "id": 15,
          "nome": "WALL-E",
          "imagem": "https://api.dicebear.com/9.x/bottts-neutral/svg?seed=Harley"
        },
        "data": "Tue Aug 03 2024 15:35:00 GMT-0300",
        "mensagem": "A complexidade do chamado foi definida como Nível 3, considerando que a falha no serviço de backup pode exigir uma análise detalhada."
      },
      {
        "id": 6,
        "assistente": {
          "id": 16,
          "nome": "EVA",
          "imagem": "https://api.dicebear.com/9.x/bottts-neutral/svg?seed=Boots&eyes=eva&mouth=smile01"
        },
        "data": "Tue Aug 03 2024 15:40:00 GMT-0300",
        "mensagem": "Para solucionar a falha no serviço de backup, revise os logs de erro para identificar a causa. Pode ser necessário reiniciar o serviço ou verificar as configurações de backup para resolver o problema."
      },
      {
        "id": 3,
        "assistente": {
          "id": 7,
          "nome": "Ultron",
          "imagem": "https://api.dicebear.com/9.x/bottts/svg?seed=Fluffy"
        },
        "data": "Wed Aug 28 2024 15:20:00 GMT-0300",
        "mensagem": "Para este problema eu não encontrei uma Instrução de Trabalho disponível. Criei um novo documento e você pode acessá-lo abaixo para mais informações.",
        "novo": true,
        "arquivos": [
          {
            "id": 1,
            "arquivo": "kb008432123.pdf",
            "tipo": "pdf",
            "titulo": "KB008432123",
            "privado": true
          }
        ]
      }
    ]
  },
  {
    "numero": "TASK0933890",
    "status": "Aberto",
    "data_criacao": "Mon Aug 28 2024 11:45:38 GMT-0300",
    "data_edicao": "Mon Aug 28 2024 22:14:57 GMT-0300",
    "usuario": "cleiton.siva",
    "consultor": "amanda.rodrigues",
    "titulo": "Criação de usuário do sistema Vaxus",
    "complexidade": {
      "id": 1,
      "label": "Nível 1"
    },
    "tipo": {
      "id": "n1",
      "label": "N1-Acessos"
    },
    "prioridade": "Baixa",
    "notificacoes": {
      "agentes": 2,
      "mensagens": 1
    },
    "tags": [
      "acesso",
      "criacao"
    ],
    "arquivos": [],
    "responsaveis": [
      {
        "id": 1,
        "nome": "Analista Acesso",
        "imagem": "https://api.dicebear.com/9.x/avataaars/svg?seed=Buster&randomizeIds=true&accessories=prescription01&clothingGraphic=bear&eyes=default&mouth=smile"
      }
    ],
    "mensagens": [
      {
        "id": 1,
        "usuario": {
          "id": 5,
          "nome": "cleiton.siva",
          "imagem": "https://api.dicebear.com/9.x/avataaars/svg?seed=Lily",
          "perfil": "usuário"
        },
        "data": "Mon Aug 28 2024 21:57:38 GMT-0300",
        "mensagem": "Solicito a criação do usuário de acesso do usuario alessandro.gomes ao sistema Vaxus"
      },
      {
        "id": 2,
        "usuario": {
          "id": 6,
          "nome": "amanda.rodrigues",
          "imagem": "https://api.dicebear.com/9.x/avataaars/svg?seed=Buster&randomizeIds=true&accessories=prescription01&clothingGraphic=bear&eyes=default&mouth=smile",
          "perfil": "consultorN1"
        },
        "data": "Mon Aug 28 2024 22:00:57 GMT-0300",
        "mensagem": "Boa tarde! Obrigado pela mensagem e já estamos executando o procedimento de criação de acesso solicitado."
      },
      {
        "id": 3,
        "usuario": {
          "id": 6,
          "nome": "amanda.rodrigues",
          "imagem": "https://api.dicebear.com/9.x/avataaars/svg?seed=Buster&randomizeIds=true&accessories=prescription01&clothingGraphic=bear&eyes=default&mouth=smile",
          "perfil": "consultorN1"
        },
        "data": "Mon Aug 28 2024 22:05:38 GMT-0300",
        "mensagem": "Criação de usuário para o acesso ao sistema Vaxus efetuada com sucesso. Caso esteja de acordo encerraremos esse chamado."
      },
      {
        "id": 4,
        "usuario": {
          "id": 5,
          "nome": "cleiton.siva",
          "imagem": "https://api.dicebear.com/9.x/avataaars/svg?seed=Lily",
          "perfil": "usuário"
        },
        "data": "Mon Aug 28 2024 22:16:57 GMT-0300",
        "mensagem": "Obrigado, acabei de verificar e o acesso está funcionando direito. Boa tarde."
      }
    ],
    "assistentes": [
      {
        "id": 1,
        "assistente": {
          "id": 1,
          "nome": "WALL-E",
          "imagem": "https://api.dicebear.com/9.x/bottts-neutral/svg?seed=Harley"
        },
        "data": "Mon Aug 26 2024 22:12:57 GMT-0300",
        "mensagem": "Historicamente, esse tipo de chamado é encaminhado e resolvido pelo nível N1-Acessos. Você pode aceitar esta sugestão e automaticamente será encaminhado ou analisar o chamado e encaminhar mais tarde caso seja necessário."
      },
      {
        "id": 2,
        "assistente": {
          "id": 2,
          "nome": "EVA",
          "imagem": "https://api.dicebear.com/9.x/bottts-neutral/svg?seed=Boots&eyes=eva&mouth=smile01"
        },
        "data": "Mon Aug 26 2024 22:14:57 GMT-0300",
        "mensagem": "Para criação de acesso ao APLICATIVO Vaxus: No SISTEMA Y (SISTEMA Y -> Configurações -> Segurança -> Usuários), tendo em mãos os seguintes dados: Nome completo do usuário e e-mail corporativo do usuário e a criação deste usuário deve ser realizada mediante aprovação do Gestor da Área. Clique em Usuários. Na tela Cadastro de Usuários clique em incluir e preencha o formulário com os dados do solicitante e após clique em Salvar."
      }
    ]
  },
  
  {
    "numero": "INC0194890",
    "status": "Aberto",
    "data_criacao": "Mon Aug 01 2024 09:01:01 GMT-0300",
    "data_edicao": "Mon Aug 01 2024 16:23:33 GMT-0300",
    "usuario": "marcos.silva",
    "consultor": "lucas.rodrigues",
    "titulo": "Problema de rede",
    "complexidade": {
      "id": 2,
      "label": "Nível 2"
    },
    "tipo": {
      "id": "n2",
      "label": "N2-Aplicativos"
    },
    "prioridade": "Média",
    "notificacoes": {
      "agentes": 2,
      "mensagens": 1
    },
    "tags": [
      "rede",
      "problema",
      "conexão"
    ],
    "arquivos": [],
    "responsaveis": [
      {
        "id": 3,
        "nome": "Analista Aplicativo",
        "imagem": "https://api.dicebear.com/9.x/avataaars/svg?seed=Buster&randomizeIds=true&accessories=prescription01&clothingGraphic=bear&eyes=default&mouth=smile"
      }
    ],
    "mensagens": [
      {
        "id": 1,
        "usuario": {
          "id": 7,
          "nome": "marcos.silva",
          "imagem": "https://api.dicebear.com/9.x/avataaars/svg?seed=Lily",
          "perfil": "usuário"
        },
        "data": "Mon Aug 01 2024 10:57:38 GMT-0300",
        "mensagem": "Estou com problemas de conexão de rede. Não consigo acessar a internet."
      },
      {
        "id": 2,
        "usuario": {
          "id": 8,
          "nome": "lucas.rodrigues",
          "imagem": "https://api.dicebear.com/9.x/avataaars/svg?seed=Buster&randomizeIds=true&accessories=prescription01&clothingGraphic=bear&eyes=default&mouth=smile",
          "perfil": "consultorN2"
        },
        "data": "Mon Aug 01 2024 11:00:57 GMT-0300",
        "mensagem": "Olá! Obrigado pelo aviso. Vou verificar a situação da rede e encontrar uma solução para o problema."
      },
      {
        "id": 3,
        "usuario": {
          "id": 8,
          "nome": "lucas.rodrigues",
          "imagem": "https://api.dicebear.com/9.x/avataaars/svg?seed=Buster&randomizeIds=true&accessories=prescription01&clothingGraphic=bear&eyes=default&mouth=smile",
          "perfil": "consultorN2"
        },
        "data": "Mon Aug 01 2024 11:05:38 GMT-0300",
        "mensagem": "Identifiquei um problema na configuração da rede. Vou realizar alguns ajustes e verificar se isso resolve o problema de conexão."
      },
      {
        "id": 4,
        "usuario": {
          "id": 7,
          "nome": "marcos.silva",
          "imagem": "https://api.dicebear.com/9.x/avataaars/svg?seed=Lily",
          "perfil": "usuário"
        },
        "data": "Mon Aug 01 2024 11:16:57 GMT-0300",
        "mensagem": "Agradeço pela ajuda. Aguardarei a solução do problema."
      }
    ],
    "assistentes": [
      {
        "id": 1,
        "assistente": {
          "id": 1,
          "nome": "WALL-E",
          "imagem": "https://api.dicebear.com/9.x/bottts-neutral/svg?seed=Harley"
        },
        "data": "Mon Aug 01 2024 11:12:57 GMT-0300",
        "mensagem": "Historicamente, esse tipo de chamado é encaminhado e resolvido pelo nível N2-Aplicativos. Você pode aceitar esta sugestão e automaticamente será encaminhado ou analisar o chamado e encaminhar mais tarde caso seja necessário."
      },
      {
        "id": 2,
        "assistente": {
          "id": 2,
          "nome": "EVA",
          "imagem": "https://api.dicebear.com/9.x/bottts-neutral/svg?seed=Boots&eyes=eva&mouth=smile01"
        },
        "data": "Mon Aug 01 2024 11:14:57 GMT-0300",
        "mensagem": "Para resolver o problema de rede, sugiro verificar a conexão do cabo de rede, reiniciar o roteador e verificar as configurações de rede no computador. Se o problema persistir, entre em contato com o suporte técnico para obter assistência adicional."
      }
    ]
  },
  
  {
    "numero": "TASK0948363",
    "status": "Concluído",
    "data_criacao": "Mon Aug 26 2024 10:45:38 GMT-0300",
    "data_edicao": "Mon Aug 26 2024 22:14:57 GMT-0300",
    "usuario": "joana.dep",
    "consultor": "helio.goncalves",
    "titulo": "Revogação de acesso",
    "complexidade": {
      "id": 1,
      "label": "Nível 1"
    },
    "tipo": {
      "id": "n1",
      "label": "N1-Acessos"
    },
    "prioridade": "Baixa",
    "notificacoes": {
      "agentes": 3,
      "mensagens": 4
    },
    "tags": [
      "acesso",
      "revogacao"
    ],
    "arquivos": [],
    "responsaveis": [
      {
        "id": 1,
        "nome": "Analista Acesso",
        "imagem": "https://api.dicebear.com/9.x/avataaars/svg?seed=Buster&randomizeIds=true&accessories=prescription01&clothingGraphic=bear&eyes=default&mouth=smile"
      }
    ],
    "mensagens": [
      {
        "id": 1,
        "usuario": {
          "id": 1,
          "nome": "joana.dep",
          "imagem": "https://api.dicebear.com/9.x/avataaars/svg?seed=Lily",
          "perfil": "usuário"
        },
        "data": "Mon Aug 26 2024 21:57:38 GMT-0300",
        "mensagem": "Solicito a revogação de acesso do usuario jani.adm os sistema Vaxus"
      },
      {
        "id": 2,
        "usuario": {
          "id": 2,
          "nome": "helio.goncalves",
          "imagem": "https://api.dicebear.com/9.x/avataaars/svg?seed=Buster&randomizeIds=true&accessories=prescription01&clothingGraphic=bear&eyes=default&mouth=smile",
          "perfil": "consultorN1"
        },
        "data": "Mon Aug 26 2024 22:00:57 GMT-0300",
        "mensagem": "Boa tarde! Obrigado pela mensagem e já estamos executando o procedimento de revogação de acesso solicitado."
      },
      {
        "id": 3,
        "usuario": {
          "id": 2,
          "nome": "helio.goncalves",
          "imagem": "https://api.dicebear.com/9.x/avataaars/svg?seed=Buster&randomizeIds=true&accessories=prescription01&clothingGraphic=bear&eyes=default&mouth=smile",
          "perfil": "consultorN1"
        },
        "data": "Mon Aug 26 2024 22:05:38 GMT-0300",
        "mensagem": "Revogação do acesso ao sistema Vaxus efetuada com sucesso. Caso esteja de acordo encerraremos esse chamado."
      },
      {
        "id": 4,
        "usuario": {
          "id": 1,
          "nome": "joana.dep",
          "imagem": "https://api.dicebear.com/9.x/avataaars/svg?seed=Lily",
          "perfil": "usuário"
        },
        "data": "Mon Aug 26 2024 22:16:57 GMT-0300",
        "mensagem": "De acordo. Podemos encerrar esse chamado. Tenha uma boa tarde."
      }
    ],
    "assistentes": [
      {
        "id": 1,
        "assistente": {
          "id": 1,
          "nome": "WALL-E",
          "imagem": "https://api.dicebear.com/9.x/bottts-neutral/svg?seed=Harley"
        },
        "data": "Mon Aug 26 2024 22:12:57 GMT-0300",
        "mensagem": "Historicamente, esse tipo de chamado é encaminhado e resolvido pelo nível N1-Acessos. Você pode aceitar esta sugestão e automaticamente será encaminhado ou analisar o chamado e encaminhar mais tarde caso seja necessário."
      },
      {
        "id": 2,
        "assistente": {
          "id": 2,
          "nome": "EVA",
          "imagem": "https://api.dicebear.com/9.x/bottts-neutral/svg?seed=Boots&eyes=eva&mouth=smile01"
        },
        "data": "Mon Aug 26 2024 22:14:57 GMT-0300",
        "mensagem": "Para remoção de acesso ao APLICATIVO Vaxus: No SISTEMA Y (SISTEMA Y -> Configurações -> Segurança -> Usuários), selecione o usuário e retire TODOS direitos de Acesso da lista, clicando em ‘Gerenciar Funções’. Caso a remoção de acesso seja PARCIAL, ou seja, o usuário terá acesso a outros Aplicativos, deve-se adotar o procedimento descrito pelos Aplicativos mantidos para realocar à nova Unidade de Negócio. Caso a remoção de acesso seja TOTAL, deve-se: 1) Retirar o direito de acesso “Colaboração” ao usuário no Sharepoint Online para os sites: 2) Retirar ou Revisar a Licença aos Produtos no Centro de Administração do Office 365."
      }
    ]
  },
  {
    "numero": "INC0194887",
    "status": "Concluído",
    "data_criacao": "Wed Aug 28 2024 14:44:43 GMT-0300",
    "data_edicao": "Wed Aug 28 2024 18:44:43 GMT-0300",
    "usuario": "dagalberto.souza",
    "consultor": "vanderson.nunes",
    "titulo": "Lentidão no Sistema",
    "complexidade": {
      "id": 1,
      "label": "Nível 1"
    },
    "tipo": {
      "id": "ams",
      "label": "AMS-Não SAP"
    },
    "prioridade": "Baixa",
    "notificacoes": {
      "agentes": 0,
      "mensagens": 0
    },
    "tags": [
      "sistemas",
      "lentidão",
      "não sap"
    ],
    "arquivos": [
      {
        "id": 1,
        "arquivo": "kb00845642.pdf",
        "tipo": "pdf",
        "titulo": "KB00845642",
        "privado": true
      }
    ],
    "responsaveis": [
      {
        "id": 1,
        "nome": "Analista AMS",
        "imagem": "https://api.dicebear.com/9.x/avataaars/svg?seed=Analyst&randomizeIds=true&accessories=prescription01&clothingGraphic=bear&eyes=default&mouth=smile"
      }
    ],
    "mensagens": [
      {
        "id": 1,
        "usuario": {
          "id": 7,
          "nome": "dagalberto.souza",
          "imagem": "https://api.dicebear.com/9.x/avataaars/svg?seed=Dag&randomizeIds=true&accessories=prescription01&clothingGraphic=bear&eyes=default&mouth=smile",
          "perfil": "usuário"
        },
        "data": "Wed Aug 28 2024 14:50:00 GMT-0300",
        "mensagem": "O sistema está muito lento em todo o departamento desde hoje cedo, já realizamos alguns procedimentos como reiniciar as máquinas e reiniciar o modem mas nada adiantou."
      },
      {
        "id": 2,
        "usuario": {
          "id": 8,
          "nome": "vanderson.nunes",
          "imagem": "https://api.dicebear.com/9.x/avataaars/svg?seed=Vanderson&randomizeIds=true&accessories=prescription01&clothingGraphic=bear&eyes=default&mouth=smile",
          "perfil": "consultorN1"
        },
        "data": "Wed Aug 28 2024 15:00:00 GMT-0300",
        "mensagem": "Bom dia! Obrigado pela mensagem e já estamos analisando. O número do seu chamado é #INC0194887."
      },
      {
        "id": 3,
        "usuario": {
          "id": 8,
          "nome": "vanderson.nunes",
          "imagem": "https://api.dicebear.com/9.x/avataaars/svg?seed=Vanderson&randomizeIds=true&accessories=prescription01&clothingGraphic=bear&eyes=default&mouth=smile",
          "perfil": "consultorN1"
        },
        "data": "Wed Aug 28 2024 18:30:00 GMT-0300",
        "mensagem": "Após análise do ocorrido, efetuamos a pronta reinicialização do serviço database, constatamos normalidade operacional. Caso esteja de acordo encerraremos esse chamado."
      },
      {
        "id": 4,
        "usuario": {
          "id": 7,
          "nome": "dagalberto.souza",
          "imagem": "https://api.dicebear.com/9.x/avataaars/svg?seed=Dag&randomizeIds=true&accessories=prescription01&clothingGraphic=bear&eyes=default&mouth=smile",
          "perfil": "usuário"
        },
        "data": "Wed Aug 28 2024 18:45:00 GMT-0300",
        "mensagem": "De acordo. Encerre o chamado. Tenha um bom dia."
      },
      {
        "id": 5,
        "usuario": {
          "id": 8,
          "nome": "Jarvis",
          "imagem": "https://api.dicebear.com/9.x/bottts/svg?seed=Snickers",
          "perfil": "assistant"
        },
        "data": "Wed Aug 28 2024 15:00:00 GMT-0300",
        "mensagem": "Olá, eu sou Jarvis e gostaria de saber o que você achou do nosso atendimento."
      }
    ],
    "assistentes": [
      {
        "id": 1,
        "assistente": {
          "id": 5,
          "nome": "WALL-E",
          "imagem": "https://api.dicebear.com/9.x/bottts-neutral/svg?seed=Harley"
        },
        "data": "Wed Aug 28 2024 15:05:00 GMT-0300",
        "mensagem": "Historicamente, esse tipo de chamado é encaminhado e resolvido pelo nível 3. Você pode aceitar esta sugestão e automaticamente será encaminhado ou analisar o chamado e encaminhar mais tarde caso seja necessário."
      },
      {
        "id": 2,
        "assistente": {
          "id": 6,
          "nome": "EVA",
          "imagem": "https://api.dicebear.com/9.x/bottts-neutral/svg?seed=Boots&eyes=eva&mouth=smile01"
        },
        "data": "Wed Aug 28 2024 15:20:00 GMT-0300",
        "mensagem": "Para a solução da lentidão do sistema, você pode seguir o procedimento KB00845642 do documento anexado abaixo para reinicialização do serviço Database como uma solução temporária e investigar mais a fundo a causa da lentidão.",
        "arquivos": [
          {
            "id": 1,
            "arquivo": "kb00845642.pdf",
            "tipo": "pdf",
            "titulo": "KB00845642",
            "privado": true
          }
        ]
      },
      {
        "id": 3,
        "assistente": {
          "id": 7,
          "nome": "Ultron",
          "imagem": "https://api.dicebear.com/9.x/bottts/svg?seed=Fluffy"
        },
        "data": "Wed Aug 28 2024 15:20:00 GMT-0300",
        "mensagem": "Para este problema encontrei uma Instrução de Trabalho disponível que pode ajudar na resolução. Você pode acessar o documento abaixo para mais informações.",
        "novo": false,
        "arquivos": [
          {
            "id": 1,
            "arquivo": "kb00845642.pdf",
            "tipo": "pdf",
            "titulo": "KB00845642",
            "privado": true
          }
        ]
      }
    ]
  }
]